dp_id,obs_creator_did
ADP.2022-12-14T08:59:35.264,ivo://eso.org/origfile?OB_2623868_2019-11-01T00-32.fits
ADP.2022-12-14T08:59:35.265,ivo://eso.org/origfile?OB_2514896_2019-10-02T06-06.fits
ADP.2022-12-14T08:59:35.266,ivo://eso.org/origfile?OB_2298453_2019-04-12T00-17.fits
ADP.2022-12-14T08:59:35.267,ivo://eso.org/origfile?OB_2298456_2019-04-12T01-30.fits
ADP.2022-12-14T08:59:35.268,ivo://eso.org/origfile?OB_1907940_2019-04-07T05-10.fits
ADP.2022-12-14T08:59:35.269,ivo://eso.org/origfile?OB_2139458_2019-04-07T03-16.fits
ADP.2022-12-14T08:59:35.270,ivo://eso.org/origfile?OB_2255627_2019-04-09T03-26.fits
ADP.2022-12-14T08:59:35.271,ivo://eso.org/origfile?OB_2255627_2019-04-09T03-44.fits
ADP.2022-12-14T08:59:35.272,ivo://eso.org/origfile?OB_2255639_2019-04-09T02-30.fits
ADP.2022-12-14T08:59:35.273,ivo://eso.org/origfile?OB_2255639_2019-04-09T02-48.fits
ADP.2022-12-14T08:59:35.274,ivo://eso.org/origfile?OB_2298444_2019-04-09T01-51.fits
ADP.2022-12-14T08:59:35.275,ivo://eso.org/origfile?OB_2298447_2019-04-09T02-11.fits
ADP.2022-12-14T08:59:35.276,ivo://eso.org/origfile?OB_2377401_2019-04-09T01-13.fits
ADP.2022-12-14T08:59:35.277,ivo://eso.org/origfile?OB_2377401_2019-04-09T01-27.fits
ADP.2022-12-14T08:59:35.278,ivo://eso.org/origfile?OB_2285259_2019-04-10T01-19.fits
ADP.2022-12-14T08:59:35.279,ivo://eso.org/origfile?OB_2298450_2019-04-10T00-14.fits
ADP.2022-12-14T08:59:35.280,ivo://eso.org/origfile?OB_2139455_2019-04-19T03-10.fits
ADP.2022-12-14T08:59:35.281,ivo://eso.org/origfile?OB_2233845_2019-04-24T23-51.fits
ADP.2022-12-14T08:59:35.282,ivo://eso.org/origfile?OB_2233848_2019-04-25T00-07.fits
ADP.2022-12-14T08:59:35.283,ivo://eso.org/origfile?OB_2244145_2019-04-26T01-22.fits
ADP.2022-12-14T08:59:35.284,ivo://eso.org/origfile?OB_2255648_2019-04-26T03-38.fits
ADP.2022-12-14T08:59:35.285,ivo://eso.org/origfile?OB_2298459_2019-04-26T01-46.fits
ADP.2022-12-14T08:59:35.286,ivo://eso.org/origfile?OB_2298462_2019-04-26T04-24.fits
ADP.2022-12-14T08:59:35.287,ivo://eso.org/origfile?OB_1928103_2019-04-27T06-27.fits
ADP.2022-12-14T08:59:35.288,ivo://eso.org/origfile?OB_2255636_2019-04-28T07-27.fits
ADP.2022-12-14T08:59:35.289,ivo://eso.org/origfile?OB_2255618_2019-05-01T05-50.fits
ADP.2022-12-14T08:59:35.290,ivo://eso.org/origfile?OB_2255633_2019-05-01T06-38.fits
ADP.2022-12-14T08:59:35.291,ivo://eso.org/origfile?OB_2298459_2019-05-01T08-02.fits
ADP.2022-12-14T08:59:35.292,ivo://eso.org/origfile?OB_2298474_2019-05-01T07-41.fits
ADP.2022-12-14T08:59:35.293,ivo://eso.org/origfile?OB_1943818_2019-05-04T09-02.fits
ADP.2022-12-14T08:59:35.294,ivo://eso.org/origfile?OB_2298480_2019-05-04T09-46.fits
ADP.2022-12-14T08:59:35.295,ivo://eso.org/origfile?OB_2255491_2019-05-09T03-59.fits
ADP.2022-12-14T08:59:35.296,ivo://eso.org/origfile?OB_2295408_2019-05-09T04-58.fits
ADP.2022-12-14T08:59:35.297,ivo://eso.org/origfile?OB_2298462_2019-05-09T06-45.fits
ADP.2022-12-14T08:59:35.298,ivo://eso.org/origfile?OB_2298477_2019-05-09T07-01.fits
ADP.2022-12-14T08:59:35.299,ivo://eso.org/origfile?OB_2255621_2019-05-10T04-32.fits
ADP.2022-12-14T08:59:35.300,ivo://eso.org/origfile?OB_2298471_2019-05-10T06-53.fits
ADP.2022-12-14T08:59:35.301,ivo://eso.org/origfile?OB_2302265_2019-05-10T07-50.fits
ADP.2022-12-14T08:59:35.302,ivo://eso.org/origfile?OB_2427619_2019-05-10T00-01.fits
ADP.2022-12-14T08:59:35.303,ivo://eso.org/origfile?OB_2427619_2019-05-10T00-17.fits
ADP.2022-12-14T08:59:35.304,ivo://eso.org/origfile?OB_2298465_2019-05-11T07-38.fits
ADP.2022-12-14T08:59:35.305,ivo://eso.org/origfile?OB_2241620_2019-05-10T23-20.fits
ADP.2022-12-14T08:59:35.306,ivo://eso.org/origfile?OB_2255597_2019-05-11T05-09.fits
ADP.2022-12-14T08:59:35.307,ivo://eso.org/origfile?OB_2244166_2019-05-11T23-30.fits
ADP.2022-12-14T08:59:35.308,ivo://eso.org/origfile?OB_2255642_2019-05-12T06-02.fits
ADP.2022-12-14T08:59:35.309,ivo://eso.org/origfile?OB_2298468_2019-05-12T07-03.fits
ADP.2022-12-14T08:59:35.310,ivo://eso.org/origfile?OB_2377401_2019-05-24T01-10.fits
ADP.2022-12-14T08:59:35.311,ivo://eso.org/origfile?OB_2437245_2019-05-23T23-22.fits
ADP.2022-12-14T08:59:35.312,ivo://eso.org/origfile?OB_2255654_2019-05-25T02-01.fits
ADP.2022-12-14T08:59:35.313,ivo://eso.org/origfile?OB_2437372_2019-05-24T23-23.fits
ADP.2022-12-14T08:59:35.314,ivo://eso.org/origfile?OB_2437375_2019-05-25T00-12.fits
ADP.2022-12-14T08:59:35.315,ivo://eso.org/origfile?OB_2437375_2019-05-25T00-17.fits
ADP.2022-12-14T08:59:35.316,ivo://eso.org/origfile?OB_2250005_2019-05-26T05-48.fits
ADP.2022-12-14T08:59:35.317,ivo://eso.org/origfile?OB_2250008_2019-05-26T06-17.fits
ADP.2022-12-14T08:59:35.318,ivo://eso.org/origfile?OB_2255591_2019-05-26T02-12.fits
ADP.2022-12-14T08:59:35.319,ivo://eso.org/origfile?OB_2255624_2019-05-26T02-58.fits
ADP.2022-12-14T08:59:35.320,ivo://eso.org/origfile?OB_2255630_2019-05-26T03-44.fits
ADP.2022-12-14T08:59:35.321,ivo://eso.org/origfile?OB_2255657_2019-05-26T01-21.fits
ADP.2022-12-14T08:59:35.322,ivo://eso.org/origfile?OB_2308187_2019-05-26T04-35.fits
ADP.2022-12-14T08:59:35.323,ivo://eso.org/origfile?OB_2437380_2019-05-25T23-27.fits
ADP.2022-12-14T08:59:35.324,ivo://eso.org/origfile?OB_2437383_2019-05-26T00-37.fits
ADP.2022-12-14T08:59:35.325,ivo://eso.org/origfile?OB_2437383_2019-05-26T00-41.fits
ADP.2022-12-14T08:59:35.326,ivo://eso.org/origfile?OB_2437383_2019-05-26T00-42.fits
ADP.2022-12-14T08:59:35.327,ivo://eso.org/origfile?OB_2233860_2019-05-26T07-29.fits
ADP.2022-12-14T08:59:35.328,ivo://eso.org/origfile?OB_2249984_2019-05-26T05-20.fits
ADP.2022-12-14T08:59:35.329,ivo://eso.org/origfile?OB_2437396_2019-05-27T23-40.fits
ADP.2022-12-14T08:59:35.330,ivo://eso.org/origfile?OB_2437396_2019-05-28T00-31.fits
ADP.2022-12-14T08:59:35.331,ivo://eso.org/origfile?OB_2437399_2019-05-28T00-59.fits
ADP.2022-12-14T08:59:35.332,ivo://eso.org/origfile?OB_2437399_2019-05-28T01-01.fits
ADP.2022-12-14T08:59:35.333,ivo://eso.org/origfile?OB_2437399_2019-05-28T01-03.fits
ADP.2022-12-14T08:59:35.334,ivo://eso.org/origfile?OB_2250020_2019-05-31T06-07.fits
ADP.2022-12-14T08:59:35.335,ivo://eso.org/origfile?OB_2139467_2019-06-09T00-15.fits
ADP.2022-12-14T08:59:35.336,ivo://eso.org/origfile?OB_2233863_2019-06-14T06-28.fits
ADP.2022-12-14T08:59:35.337,ivo://eso.org/origfile?OB_2233866_2019-06-14T06-50.fits
ADP.2022-12-14T08:59:35.338,ivo://eso.org/origfile?OB_2233869_2019-06-14T07-13.fits
ADP.2022-12-14T08:59:35.339,ivo://eso.org/origfile?OB_2233875_2019-06-14T07-34.fits
ADP.2022-12-14T08:59:35.340,ivo://eso.org/origfile?OB_2233943_2019-06-14T09-45.fits
ADP.2022-12-14T08:59:35.341,ivo://eso.org/origfile?OB_2233952_2019-06-14T10-03.fits
ADP.2022-12-14T08:59:35.342,ivo://eso.org/origfile?OB_2285074_2019-06-14T08-24.fits
ADP.2022-12-14T08:59:35.343,ivo://eso.org/origfile?OB_2298438_2019-06-14T08-40.fits
ADP.2022-12-14T08:59:35.344,ivo://eso.org/origfile?OB_2298438_2019-06-14T08-46.fits
ADP.2022-12-14T08:59:35.345,ivo://eso.org/origfile?OB_2298441_2019-06-14T09-04.fits
ADP.2022-12-14T08:59:35.346,ivo://eso.org/origfile?OB_2298483_2019-06-14T09-21.fits
ADP.2022-12-14T08:59:35.347,ivo://eso.org/origfile?OB_2233857_2019-06-16T04-03.fits
ADP.2022-12-14T08:59:35.348,ivo://eso.org/origfile?OB_2233872_2019-06-16T04-32.fits
ADP.2022-12-14T08:59:35.349,ivo://eso.org/origfile?OB_2233887_2019-06-16T05-01.fits
ADP.2022-12-14T08:59:35.350,ivo://eso.org/origfile?OB_2233931_2019-06-16T05-25.fits
ADP.2022-12-14T08:59:35.351,ivo://eso.org/origfile?OB_2233946_2019-06-16T07-53.fits
ADP.2022-12-14T08:59:35.352,ivo://eso.org/origfile?OB_2233949_2019-06-16T08-10.fits
ADP.2022-12-14T08:59:35.353,ivo://eso.org/origfile?OB_2233949_2019-06-16T08-16.fits
ADP.2022-12-14T08:59:35.354,ivo://eso.org/origfile?OB_2302268_2019-06-18T08-06.fits
ADP.2022-12-14T08:59:35.355,ivo://eso.org/origfile?OB_2302268_2019-06-18T08-47.fits
ADP.2022-12-14T08:59:35.356,ivo://eso.org/origfile?OB_2233890_2019-06-19T07-33.fits
ADP.2022-12-14T08:59:35.357,ivo://eso.org/origfile?OB_2302268_2019-06-19T08-34.fits
ADP.2022-12-14T08:59:35.358,ivo://eso.org/origfile?OB_2233934_2019-06-21T09-13.fits
ADP.2022-12-14T08:59:35.359,ivo://eso.org/origfile?OB_2233940_2019-06-21T09-30.fits
ADP.2022-12-14T08:59:35.360,ivo://eso.org/origfile?OB_2233884_2019-06-24T02-06.fits
ADP.2022-12-14T08:59:35.361,ivo://eso.org/origfile?OB_2233896_2019-06-24T01-45.fits
ADP.2022-12-14T08:59:35.362,ivo://eso.org/origfile?OB_2233908_2019-06-24T02-30.fits
ADP.2022-12-14T08:59:35.363,ivo://eso.org/origfile?OB_2233913_2019-06-24T03-31.fits
ADP.2022-12-14T08:59:35.364,ivo://eso.org/origfile?OB_2233937_2019-06-24T05-02.fits
ADP.2022-12-14T08:59:35.365,ivo://eso.org/origfile?OB_1928100_2019-06-26T23-16.fits
ADP.2022-12-14T08:59:35.366,ivo://eso.org/origfile?OB_2233905_2019-06-27T06-49.fits
ADP.2022-12-14T08:59:35.367,ivo://eso.org/origfile?OB_2255488_2019-06-27T01-06.fits
ADP.2022-12-14T08:59:35.368,ivo://eso.org/origfile?OB_2255588_2019-06-27T01-54.fits
ADP.2022-12-14T08:59:35.369,ivo://eso.org/origfile?OB_2255654_2019-06-27T00-12.fits
ADP.2022-12-14T08:59:35.370,ivo://eso.org/origfile?OB_2233878_2019-06-28T05-36.fits
ADP.2022-12-14T08:59:35.371,ivo://eso.org/origfile?OB_2233878_2019-06-28T05-53.fits
ADP.2022-12-14T08:59:35.372,ivo://eso.org/origfile?OB_2233893_2019-06-28T06-19.fits
ADP.2022-12-14T08:59:35.373,ivo://eso.org/origfile?OB_2233899_2019-06-28T06-37.fits
ADP.2022-12-14T08:59:35.374,ivo://eso.org/origfile?OB_2233919_2019-06-28T06-56.fits
ADP.2022-12-14T08:59:35.375,ivo://eso.org/origfile?OB_2233928_2019-06-28T07-13.fits
ADP.2022-12-14T08:59:35.376,ivo://eso.org/origfile?OB_2250014_2019-06-29T03-44.fits
ADP.2022-12-14T08:59:35.377,ivo://eso.org/origfile?OB_2250017_2019-06-29T04-14.fits
ADP.2022-12-14T08:59:35.378,ivo://eso.org/origfile?OB_2255585_2019-06-29T00-51.fits
ADP.2022-12-14T08:59:35.379,ivo://eso.org/origfile?OB_2255597_2019-06-29T02-28.fits
ADP.2022-12-14T08:59:35.380,ivo://eso.org/origfile?OB_2255609_2019-06-29T01-40.fits
ADP.2022-12-14T08:59:35.381,ivo://eso.org/origfile?OB_2302271_2019-06-29T08-09.fits
ADP.2022-12-14T08:59:35.382,ivo://eso.org/origfile?OB_2233860_2019-06-29T04-59.fits
ADP.2022-12-14T08:59:35.383,ivo://eso.org/origfile?OB_2233878_2019-06-29T05-25.fits
ADP.2022-12-14T08:59:35.384,ivo://eso.org/origfile?OB_2233893_2019-06-29T06-05.fits
ADP.2022-12-14T08:59:35.385,ivo://eso.org/origfile?OB_2233899_2019-06-29T06-43.fits
ADP.2022-12-14T08:59:35.386,ivo://eso.org/origfile?OB_2233902_2019-06-29T04-40.fits
ADP.2022-12-14T08:59:35.387,ivo://eso.org/origfile?OB_2233919_2019-06-29T07-00.fits
ADP.2022-12-14T08:59:35.388,ivo://eso.org/origfile?OB_2233928_2019-06-29T07-17.fits
ADP.2022-12-14T08:59:35.389,ivo://eso.org/origfile?OB_2250011_2019-06-29T03-11.fits
ADP.2022-12-14T08:59:35.390,ivo://eso.org/origfile?OB_2233860_2019-06-30T00-58.fits
ADP.2022-12-14T08:59:35.391,ivo://eso.org/origfile?OB_2233916_2019-06-30T00-36.fits
ADP.2022-12-14T08:59:35.392,ivo://eso.org/origfile?OB_2248776_2019-06-30T04-12.fits
ADP.2022-12-14T08:59:35.393,ivo://eso.org/origfile?OB_2255654_2019-06-29T23-56.fits
ADP.2022-12-14T08:59:35.394,ivo://eso.org/origfile?OB_2302271_2019-06-30T07-23.fits
ADP.2022-12-14T08:59:35.395,ivo://eso.org/origfile?OB_2233845_2019-07-04T23-18.fits
ADP.2022-12-14T08:59:35.396,ivo://eso.org/origfile?OB_2233848_2019-07-04T22-59.fits
ADP.2022-12-14T08:59:35.397,ivo://eso.org/origfile?OB_2248067_2019-07-05T02-21.fits
ADP.2022-12-14T08:59:35.398,ivo://eso.org/origfile?OB_2249871_2019-07-05T03-03.fits
ADP.2022-12-14T08:59:35.399,ivo://eso.org/origfile?OB_2286231_2019-07-04T23-59.fits
ADP.2022-12-14T08:59:35.400,ivo://eso.org/origfile?OB_2302271_2019-07-05T08-39.fits
ADP.2022-12-14T08:59:35.401,ivo://eso.org/origfile?OB_2230426_2019-07-05T23-32.fits
ADP.2022-12-14T08:59:35.402,ivo://eso.org/origfile?OB_2260263_2019-07-06T03-25.fits
ADP.2022-12-14T08:59:35.403,ivo://eso.org/origfile?OB_2295408_2019-07-06T01-13.fits
ADP.2022-12-14T08:59:35.404,ivo://eso.org/origfile?OB_2450666_2019-07-08T01-22.fits
ADP.2022-12-14T08:59:35.405,ivo://eso.org/origfile?OB_2248850_2019-07-09T02-05.fits
ADP.2022-12-14T08:59:35.406,ivo://eso.org/origfile?OB_2286234_2019-07-08T23-24.fits
ADP.2022-12-14T08:59:35.407,ivo://eso.org/origfile?OB_1928100_2019-07-10T00-02.fits
ADP.2022-12-14T08:59:35.408,ivo://eso.org/origfile?OB_2260266_2019-07-23T01-36.fits
ADP.2022-12-14T08:59:35.409,ivo://eso.org/origfile?OB_2260266_2019-07-23T01-42.fits
ADP.2022-12-14T08:59:35.410,ivo://eso.org/origfile?OB_2260257_2019-07-28T01-23.fits
ADP.2022-12-14T08:59:35.411,ivo://eso.org/origfile?OB_2302271_2019-07-28T07-32.fits
ADP.2022-12-14T08:59:35.412,ivo://eso.org/origfile?OB_2256245_2019-08-01T01-10.fits
ADP.2022-12-14T08:59:35.413,ivo://eso.org/origfile?OB_2246071_2019-08-02T01-48.fits
ADP.2022-12-14T08:59:35.414,ivo://eso.org/origfile?OB_2249874_2019-08-02T00-57.fits
ADP.2022-12-14T08:59:35.415,ivo://eso.org/origfile?OB_2249877_2019-08-02T01-25.fits
ADP.2022-12-14T08:59:35.416,ivo://eso.org/origfile?OB_2256245_2019-08-03T01-09.fits
ADP.2022-12-14T08:59:35.417,ivo://eso.org/origfile?OB_2147908_2019-08-06T03-34.fits
ADP.2022-12-14T08:59:35.418,ivo://eso.org/origfile?OB_2150272_2019-08-06T01-39.fits
ADP.2022-12-14T08:59:35.419,ivo://eso.org/origfile?OB_2150272_2019-08-06T01-44.fits
ADP.2022-12-14T08:59:35.420,ivo://eso.org/origfile?OB_2150272_2019-08-06T01-54.fits
ADP.2022-12-14T08:59:35.421,ivo://eso.org/origfile?OB_2292708_2019-08-06T07-02.fits
ADP.2022-12-14T08:59:35.422,ivo://eso.org/origfile?OB_2292708_2019-08-06T07-12.fits
ADP.2022-12-14T08:59:35.423,ivo://eso.org/origfile?OB_2079327_2019-08-07T09-17.fits
ADP.2022-12-14T08:59:35.424,ivo://eso.org/origfile?OB_2079330_2019-08-07T09-52.fits
ADP.2022-12-14T08:59:35.425,ivo://eso.org/origfile?OB_2150275_2019-08-07T02-59.fits
ADP.2022-12-14T08:59:35.426,ivo://eso.org/origfile?OB_2292356_2019-08-07T04-22.fits
ADP.2022-12-14T08:59:35.427,ivo://eso.org/origfile?OB_2311768_2019-08-07T01-43.fits
ADP.2022-12-14T08:59:35.428,ivo://eso.org/origfile?OB_2461164_2019-08-08T01-42.fits
ADP.2022-12-14T08:59:35.429,ivo://eso.org/origfile?OB_2300194_2019-08-09T02-10.fits
ADP.2022-12-14T08:59:35.430,ivo://eso.org/origfile?OB_2300200_2019-08-09T03-28.fits
ADP.2022-12-14T08:59:35.431,ivo://eso.org/origfile?OB_2461164_2019-08-09T23-34.fits
ADP.2022-12-14T08:59:35.432,ivo://eso.org/origfile?OB_2562987_2019-08-15T07-30.fits
ADP.2022-12-14T08:59:35.433,ivo://eso.org/origfile?OB_2078895_2019-08-16T09-49.fits
ADP.2022-12-14T08:59:35.434,ivo://eso.org/origfile?OB_2078898_2019-08-16T10-17.fits
ADP.2022-12-14T08:59:35.435,ivo://eso.org/origfile?OB_2563432_2019-08-16T08-50.fits
ADP.2022-12-14T08:59:35.436,ivo://eso.org/origfile?OB_2094300_2019-08-17T09-44.fits
ADP.2022-12-14T08:59:35.437,ivo://eso.org/origfile?OB_2563438_2019-08-17T05-48.fits
ADP.2022-12-14T08:59:35.438,ivo://eso.org/origfile?OB_2563435_2019-08-19T09-15.fits
ADP.2022-12-14T08:59:35.439,ivo://eso.org/origfile?OB_2563435_2019-08-21T06-22.fits
ADP.2022-12-14T08:59:35.440,ivo://eso.org/origfile?OB_2562911_2019-08-22T09-37.fits
ADP.2022-12-14T08:59:35.441,ivo://eso.org/origfile?OB_2563435_2019-08-23T07-32.fits
ADP.2022-12-14T08:59:35.442,ivo://eso.org/origfile?OB_2175054_2019-08-26T03-43.fits
ADP.2022-12-14T08:59:35.443,ivo://eso.org/origfile?OB_2246071_2019-08-25T23-45.fits
ADP.2022-12-14T08:59:35.444,ivo://eso.org/origfile?OB_2079490_2019-08-29T08-50.fits
ADP.2022-12-14T08:59:35.445,ivo://eso.org/origfile?OB_2311944_2019-08-29T02-05.fits
ADP.2022-12-14T08:59:35.446,ivo://eso.org/origfile?OB_2311944_2019-08-29T02-18.fits
ADP.2022-12-14T08:59:35.447,ivo://eso.org/origfile?OB_2572785_2019-08-29T00-33.fits
ADP.2022-12-14T08:59:35.448,ivo://eso.org/origfile?OB_2572788_2019-09-01T00-01.fits
ADP.2022-12-14T08:59:35.449,ivo://eso.org/origfile?OB_2079268_2019-09-02T08-59.fits
ADP.2022-12-14T08:59:35.450,ivo://eso.org/origfile?OB_2079271_2019-09-02T09-26.fits
ADP.2022-12-14T08:59:35.451,ivo://eso.org/origfile?OB_2300200_2019-09-06T04-14.fits
ADP.2022-12-14T08:59:35.452,ivo://eso.org/origfile?OB_2300206_2019-09-05T23-58.fits
ADP.2022-12-14T08:59:35.453,ivo://eso.org/origfile?OB_2562882_2019-09-10T05-52.fits
ADP.2022-12-14T08:59:35.454,ivo://eso.org/origfile?OB_2562911_2019-09-10T07-19.fits
ADP.2022-12-14T08:59:35.455,ivo://eso.org/origfile?OB_2562888_2019-09-14T09-19.fits
ADP.2022-12-14T08:59:35.456,ivo://eso.org/origfile?OB_2562765_2019-09-16T04-48.fits
ADP.2022-12-14T08:59:35.457,ivo://eso.org/origfile?OB_2562885_2019-09-16T05-55.fits
ADP.2022-12-14T08:59:35.458,ivo://eso.org/origfile?OB_2572791_2019-09-16T08-15.fits
ADP.2022-12-14T08:59:35.459,ivo://eso.org/origfile?OB_2281513_2019-09-16T23-52.fits
ADP.2022-12-14T08:59:35.460,ivo://eso.org/origfile?OB_2562706_2019-09-17T02-44.fits
ADP.2022-12-14T08:59:35.461,ivo://eso.org/origfile?OB_2572788_2019-09-17T01-06.fits
ADP.2022-12-14T08:59:35.462,ivo://eso.org/origfile?OB_2580282_2019-09-17T04-17.fits
ADP.2022-12-14T08:59:35.463,ivo://eso.org/origfile?OB_2273831_2019-09-23T00-14.fits
ADP.2022-12-14T08:59:35.464,ivo://eso.org/origfile?OB_2589455_2019-09-24T00-09.fits
ADP.2022-12-14T08:59:35.465,ivo://eso.org/origfile?OB_2594466_2019-09-28T01-16.fits
ADP.2022-12-14T08:59:35.466,ivo://eso.org/origfile?OB_2079268_2019-09-29T07-02.fits
ADP.2022-12-14T08:59:35.467,ivo://eso.org/origfile?OB_2450677_2019-09-29T08-13.fits
ADP.2022-12-14T08:59:35.468,ivo://eso.org/origfile?OB_2597166_2019-10-01T01-48.fits
ADP.2022-12-14T08:59:35.469,ivo://eso.org/origfile?OB_2527261_2019-10-02T08-42.fits
ADP.2022-12-14T08:59:35.470,ivo://eso.org/origfile?OB_2533858_2019-10-02T07-44.fits
ADP.2022-12-14T08:59:35.471,ivo://eso.org/origfile?OB_2533907_2019-10-02T04-49.fits
ADP.2022-12-14T08:59:35.472,ivo://eso.org/origfile?OB_2533864_2019-10-03T07-58.fits
ADP.2022-12-14T08:59:35.473,ivo://eso.org/origfile?OB_2538694_2019-10-03T06-55.fits
ADP.2022-12-14T08:59:35.474,ivo://eso.org/origfile?OB_2514931_2019-10-03T00-34.fits
ADP.2022-12-14T08:59:35.475,ivo://eso.org/origfile?OB_2514931_2019-10-04T00-04.fits
ADP.2022-12-14T08:59:35.476,ivo://eso.org/origfile?OB_2527311_2019-10-04T06-48.fits
ADP.2022-12-14T08:59:35.477,ivo://eso.org/origfile?OB_2533901_2019-10-04T02-03.fits
ADP.2022-12-14T08:59:35.478,ivo://eso.org/origfile?OB_2533910_2019-10-04T03-46.fits
ADP.2022-12-14T08:59:35.479,ivo://eso.org/origfile?OB_2507890_2019-10-06T01-04.fits
ADP.2022-12-14T08:59:35.480,ivo://eso.org/origfile?OB_2508417_2019-10-06T02-34.fits
ADP.2022-12-14T08:59:35.481,ivo://eso.org/origfile?OB_2508417_2019-10-06T02-35.fits
ADP.2022-12-14T08:59:35.482,ivo://eso.org/origfile?OB_2526907_2019-10-06T01-59.fits
ADP.2022-12-14T08:59:35.483,ivo://eso.org/origfile?OB_2527206_2019-10-06T03-22.fits
ADP.2022-12-14T08:59:35.484,ivo://eso.org/origfile?OB_2527209_2019-10-06T03-42.fits
ADP.2022-12-14T08:59:35.485,ivo://eso.org/origfile?OB_2527212_2019-10-06T04-15.fits
ADP.2022-12-14T08:59:35.486,ivo://eso.org/origfile?OB_2527258_2019-10-06T01-31.fits
ADP.2022-12-14T08:59:35.487,ivo://eso.org/origfile?OB_2496641_2019-10-08T07-23.fits
ADP.2022-12-14T08:59:35.488,ivo://eso.org/origfile?OB_2496644_2019-10-08T07-27.fits
ADP.2022-12-14T08:59:35.489,ivo://eso.org/origfile?OB_2529463_2019-10-08T07-31.fits
ADP.2022-12-14T08:59:35.490,ivo://eso.org/origfile?OB_2529466_2019-10-08T08-09.fits
ADP.2022-12-14T08:59:35.491,ivo://eso.org/origfile?OB_2473742_2019-10-10T03-22.fits
ADP.2022-12-14T08:59:35.492,ivo://eso.org/origfile?OB_2485424_2019-10-10T02-17.fits
ADP.2022-12-14T08:59:35.493,ivo://eso.org/origfile?OB_2508525_2019-10-10T04-20.fits
ADP.2022-12-14T08:59:35.494,ivo://eso.org/origfile?OB_2508594_2019-10-10T00-39.fits
ADP.2022-12-14T08:59:35.495,ivo://eso.org/origfile?OB_2508699_2019-10-10T01-31.fits
ADP.2022-12-14T08:59:35.496,ivo://eso.org/origfile?OB_2527255_2019-10-10T01-08.fits
ADP.2022-12-14T08:59:35.497,ivo://eso.org/origfile?OB_2485403_2019-10-11T01-28.fits
ADP.2022-12-14T08:59:35.498,ivo://eso.org/origfile?OB_2485417_2019-10-11T01-57.fits
ADP.2022-12-14T08:59:35.499,ivo://eso.org/origfile?OB_2485417_2019-10-11T02-11.fits
ADP.2022-12-14T08:59:35.500,ivo://eso.org/origfile?OB_2507724_2019-10-11T00-46.fits
ADP.2022-12-14T08:59:35.501,ivo://eso.org/origfile?OB_2550443_2019-10-11T03-17.fits
ADP.2022-12-14T08:59:35.502,ivo://eso.org/origfile?OB_2550443_2019-10-11T03-21.fits
ADP.2022-12-14T08:59:35.503,ivo://eso.org/origfile?OB_2473460_2019-10-12T06-45.fits
ADP.2022-12-14T08:59:35.504,ivo://eso.org/origfile?OB_2507687_2019-10-12T02-22.fits
ADP.2022-12-14T08:59:35.505,ivo://eso.org/origfile?OB_2514911_2019-10-12T01-52.fits
ADP.2022-12-14T08:59:35.506,ivo://eso.org/origfile?OB_2527215_2019-10-12T08-53.fits
ADP.2022-12-14T08:59:35.507,ivo://eso.org/origfile?OB_2538682_2019-10-12T08-00.fits
ADP.2022-12-14T08:59:35.508,ivo://eso.org/origfile?OB_2555164_2019-10-12T00-47.fits
ADP.2022-12-14T08:59:35.509,ivo://eso.org/origfile?OB_2514917_2019-10-13T02-45.fits
ADP.2022-12-14T08:59:35.510,ivo://eso.org/origfile?OB_2507536_2019-10-16T00-22.fits
ADP.2022-12-14T08:59:35.511,ivo://eso.org/origfile?OB_2508571_2019-10-16T08-51.fits
ADP.2022-12-14T08:59:35.512,ivo://eso.org/origfile?OB_2527218_2019-10-16T06-02.fits
ADP.2022-12-14T08:59:35.513,ivo://eso.org/origfile?OB_2503058_2019-10-17T07-53.fits
ADP.2022-12-14T08:59:35.514,ivo://eso.org/origfile?OB_2507946_2019-10-17T08-56.fits
ADP.2022-12-14T08:59:35.515,ivo://eso.org/origfile?OB_2502219_2019-10-18T08-06.fits
ADP.2022-12-14T08:59:35.516,ivo://eso.org/origfile?OB_2502219_2019-10-18T08-17.fits
ADP.2022-12-14T08:59:35.517,ivo://eso.org/origfile?OB_2485406_2019-10-21T00-28.fits
ADP.2022-12-14T08:59:35.518,ivo://eso.org/origfile?OB_2079268_2019-10-22T06-44.fits
ADP.2022-12-14T08:59:35.519,ivo://eso.org/origfile?OB_2079271_2019-10-22T07-10.fits
ADP.2022-12-14T08:59:35.520,ivo://eso.org/origfile?OB_2079386_2019-10-22T07-46.fits
ADP.2022-12-14T08:59:35.521,ivo://eso.org/origfile?OB_2079389_2019-10-22T08-20.fits
ADP.2022-12-14T08:59:35.522,ivo://eso.org/origfile?OB_2508669_2019-10-22T08-52.fits
ADP.2022-12-14T08:59:35.523,ivo://eso.org/origfile?OB_2514703_2019-10-22T04-23.fits
ADP.2022-12-14T08:59:35.524,ivo://eso.org/origfile?OB_2533904_2019-10-22T01-54.fits
ADP.2022-12-14T08:59:35.525,ivo://eso.org/origfile?OB_2079688_2019-10-23T06-45.fits
ADP.2022-12-14T08:59:35.526,ivo://eso.org/origfile?OB_2079694_2019-10-23T06-21.fits
ADP.2022-12-14T08:59:35.527,ivo://eso.org/origfile?OB_2079327_2019-10-24T06-27.fits
ADP.2022-12-14T08:59:35.528,ivo://eso.org/origfile?OB_2079330_2019-10-24T06-03.fits
ADP.2022-12-14T08:59:35.529,ivo://eso.org/origfile?OB_2079490_2019-10-24T06-17.fits
ADP.2022-12-14T08:59:35.530,ivo://eso.org/origfile?OB_2079493_2019-10-24T06-18.fits
ADP.2022-12-14T08:59:35.531,ivo://eso.org/origfile?OB_2581049_2019-10-24T08-07.fits
ADP.2022-12-14T08:59:35.532,ivo://eso.org/origfile?OB_2079441_2019-10-25T07-12.fits
ADP.2022-12-14T08:59:35.533,ivo://eso.org/origfile?OB_2079441_2019-10-25T07-13.fits
ADP.2022-12-14T08:59:35.534,ivo://eso.org/origfile?OB_2581052_2019-10-25T07-14.fits
ADP.2022-12-14T08:59:35.535,ivo://eso.org/origfile?OB_2533861_2019-10-26T07-42.fits
ADP.2022-12-14T08:59:35.536,ivo://eso.org/origfile?OB_2079441_2019-10-27T06-50.fits
ADP.2022-12-14T08:59:35.537,ivo://eso.org/origfile?OB_2079444_2019-10-27T06-20.fits
ADP.2022-12-14T08:59:35.538,ivo://eso.org/origfile?OB_2521159_2019-10-27T07-58.fits
ADP.2022-12-14T08:59:35.539,ivo://eso.org/origfile?OB_2458914_2019-10-28T04-14.fits
ADP.2022-12-14T08:59:35.540,ivo://eso.org/origfile?OB_2514881_2019-10-28T05-25.fits
ADP.2022-12-14T08:59:35.541,ivo://eso.org/origfile?OB_2533869_2019-10-28T07-30.fits
ADP.2022-12-14T08:59:35.542,ivo://eso.org/origfile?OB_2533869_2019-10-28T08-03.fits
ADP.2022-12-14T08:59:35.543,ivo://eso.org/origfile?OB_2520865_2019-10-29T06-05.fits
ADP.2022-12-14T08:59:35.544,ivo://eso.org/origfile?OB_2520865_2019-10-29T06-45.fits
ADP.2022-12-14T08:59:35.545,ivo://eso.org/origfile?OB_2631669_2019-10-29T08-24.fits
ADP.2022-12-14T08:59:35.546,ivo://eso.org/origfile?OB_2638404_2019-10-30T05-10.fits
ADP.2022-12-14T08:59:35.547,ivo://eso.org/origfile?OB_2458914_2019-10-30T03-56.fits
ADP.2022-12-14T08:59:35.548,ivo://eso.org/origfile?OB_2457746_2019-11-01T03-40.fits
ADP.2022-12-14T08:59:35.549,ivo://eso.org/origfile?OB_2507594_2019-11-01T08-05.fits
ADP.2022-12-14T08:59:35.550,ivo://eso.org/origfile?OB_2079895_2019-11-02T07-07.fits
ADP.2022-12-14T08:59:35.551,ivo://eso.org/origfile?OB_2079898_2019-11-02T07-31.fits
ADP.2022-12-14T08:59:35.552,ivo://eso.org/origfile?OB_2514893_2019-11-02T04-24.fits
ADP.2022-12-14T08:59:35.553,ivo://eso.org/origfile?OB_2514899_2019-11-02T08-07.fits
ADP.2022-12-14T08:59:35.554,ivo://eso.org/origfile?OB_2639815_2019-11-02T01-19.fits
ADP.2022-12-14T08:59:35.555,ivo://eso.org/origfile?OB_2525441_2019-11-03T05-45.fits
ADP.2022-12-14T08:59:35.556,ivo://eso.org/origfile?OB_2580296_2019-11-03T06-45.fits
ADP.2022-12-14T08:59:35.557,ivo://eso.org/origfile?OB_2580296_2019-11-03T07-25.fits
ADP.2022-12-14T08:59:35.558,ivo://eso.org/origfile?OB_2514848_2019-11-06T00-21.fits
ADP.2022-12-14T08:59:35.559,ivo://eso.org/origfile?OB_2548862_2019-11-06T07-25.fits
ADP.2022-12-14T08:59:35.560,ivo://eso.org/origfile?OB_2548862_2019-11-06T07-52.fits
ADP.2022-12-14T08:59:35.561,ivo://eso.org/origfile?OB_2641380_2019-11-12T05-13.fits
ADP.2022-12-14T08:59:35.562,ivo://eso.org/origfile?OB_2641404_2019-11-12T06-46.fits
ADP.2022-12-14T08:59:35.563,ivo://eso.org/origfile?OB_2508365_2019-11-17T05-06.fits
ADP.2022-12-14T08:59:35.564,ivo://eso.org/origfile?OB_2508365_2019-11-17T05-25.fits
ADP.2022-12-14T08:59:35.565,ivo://eso.org/origfile?OB_2514896_2019-11-17T01-46.fits
ADP.2022-12-14T08:59:35.566,ivo://eso.org/origfile?OB_2527221_2019-11-17T08-14.fits
ADP.2022-12-14T08:59:35.567,ivo://eso.org/origfile?OB_2527221_2019-11-17T08-16.fits
ADP.2022-12-14T08:59:35.568,ivo://eso.org/origfile?OB_2550497_2019-11-17T07-05.fits
ADP.2022-12-14T08:59:35.569,ivo://eso.org/origfile?OB_2463163_2019-11-18T04-34.fits
ADP.2022-12-14T08:59:35.570,ivo://eso.org/origfile?OB_2514878_2019-11-18T03-14.fits
ADP.2022-12-14T08:59:35.571,ivo://eso.org/origfile?OB_2525484_2019-11-18T06-01.fits
ADP.2022-12-14T08:59:35.572,ivo://eso.org/origfile?OB_2514896_2019-11-19T06-18.fits
ADP.2022-12-14T08:59:35.573,ivo://eso.org/origfile?OB_2527224_2019-11-19T08-12.fits
ADP.2022-12-14T08:59:35.574,ivo://eso.org/origfile?OB_2527224_2019-11-19T08-14.fits
ADP.2022-12-14T08:59:35.575,ivo://eso.org/origfile?OB_2560345_2019-11-19T05-37.fits
ADP.2022-12-14T08:59:35.576,ivo://eso.org/origfile?OB_2480225_2019-11-21T00-46.fits
ADP.2022-12-14T08:59:35.577,ivo://eso.org/origfile?OB_2509121_2019-11-21T07-23.fits
ADP.2022-12-14T08:59:35.578,ivo://eso.org/origfile?OB_2509121_2019-11-21T07-37.fits
ADP.2022-12-14T08:59:35.579,ivo://eso.org/origfile?OB_2514896_2019-11-21T08-18.fits
ADP.2022-12-14T08:59:35.580,ivo://eso.org/origfile?OB_2550514_2019-11-22T06-59.fits
ADP.2022-12-14T08:59:35.581,ivo://eso.org/origfile?OB_2550514_2019-11-22T07-37.fits
ADP.2022-12-14T08:59:35.582,ivo://eso.org/origfile?OB_2514926_2019-11-23T01-36.fits
ADP.2022-12-14T08:59:35.583,ivo://eso.org/origfile?OB_2514926_2019-11-23T01-55.fits
ADP.2022-12-14T08:59:35.584,ivo://eso.org/origfile?OB_2514896_2019-11-24T08-02.fits
ADP.2022-12-14T08:59:35.585,ivo://eso.org/origfile?OB_2514896_2019-11-24T08-09.fits
ADP.2022-12-14T08:59:35.586,ivo://eso.org/origfile?OB_2514902_2019-11-24T02-14.fits
ADP.2022-12-14T08:59:35.587,ivo://eso.org/origfile?OB_2553540_2019-11-24T06-55.fits
ADP.2022-12-14T08:59:35.588,ivo://eso.org/origfile?OB_2553540_2019-11-24T07-14.fits
ADP.2022-12-14T08:59:35.589,ivo://eso.org/origfile?OB_2560331_2019-11-24T05-47.fits
ADP.2022-12-14T08:59:35.590,ivo://eso.org/origfile?OB_2560331_2019-11-24T06-00.fits
ADP.2022-12-14T08:59:35.591,ivo://eso.org/origfile?OB_2560337_2019-11-24T04-15.fits
ADP.2022-12-14T08:59:35.592,ivo://eso.org/origfile?OB_2560337_2019-11-24T04-26.fits
ADP.2022-12-14T08:59:35.593,ivo://eso.org/origfile?OB_2510132_2019-11-25T05-44.fits
ADP.2022-12-14T08:59:35.594,ivo://eso.org/origfile?OB_2510132_2019-11-25T05-45.fits
ADP.2022-12-14T08:59:35.595,ivo://eso.org/origfile?OB_2514911_2019-11-25T01-55.fits
ADP.2022-12-14T08:59:35.596,ivo://eso.org/origfile?OB_2527221_2019-11-25T08-16.fits
ADP.2022-12-14T08:59:35.597,ivo://eso.org/origfile?OB_2527221_2019-11-25T08-18.fits
ADP.2022-12-14T08:59:35.598,ivo://eso.org/origfile?OB_2550501_2019-11-25T07-15.fits
ADP.2022-12-14T08:59:35.599,ivo://eso.org/origfile?OB_2260269_2019-11-26T06-01.fits
ADP.2022-12-14T08:59:35.600,ivo://eso.org/origfile?OB_2260269_2019-11-26T06-25.fits
ADP.2022-12-14T08:59:35.601,ivo://eso.org/origfile?OB_2260269_2019-11-26T06-45.fits
ADP.2022-12-14T08:59:35.602,ivo://eso.org/origfile?OB_2260284_2019-11-26T07-20.fits
ADP.2022-12-14T08:59:35.603,ivo://eso.org/origfile?OB_2507817_2019-11-26T08-27.fits
ADP.2022-12-14T08:59:35.604,ivo://eso.org/origfile?OB_2527224_2019-11-26T08-03.fits
ADP.2022-12-14T08:59:35.605,ivo://eso.org/origfile?OB_2637674_2019-11-26T05-25.fits
ADP.2022-12-14T08:59:35.606,ivo://eso.org/origfile?OB_2428705_2019-11-27T07-43.fits
ADP.2022-12-14T08:59:35.607,ivo://eso.org/origfile?OB_2560345_2019-11-27T05-29.fits
ADP.2022-12-14T08:59:35.608,ivo://eso.org/origfile?OB_2473557_2019-12-01T05-18.fits
ADP.2022-12-14T08:59:35.609,ivo://eso.org/origfile?OB_2473557_2019-12-01T05-19.fits
ADP.2022-12-14T08:59:35.610,ivo://eso.org/origfile?OB_2507782_2019-12-02T06-29.fits
ADP.2022-12-14T08:59:35.611,ivo://eso.org/origfile?OB_2507782_2019-12-02T06-40.fits
ADP.2022-12-14T08:59:35.612,ivo://eso.org/origfile?OB_2514902_2019-12-02T07-51.fits
ADP.2022-12-14T08:59:35.613,ivo://eso.org/origfile?OB_2642708_2019-12-02T06-14.fits
ADP.2022-12-14T08:59:35.614,ivo://eso.org/origfile?OB_2550514_2019-12-04T06-19.fits
ADP.2022-12-14T08:59:35.615,ivo://eso.org/origfile?OB_2550514_2019-12-04T06-24.fits
ADP.2022-12-14T08:59:35.616,ivo://eso.org/origfile?OB_2550514_2019-12-04T07-11.fits
ADP.2022-12-14T08:59:35.617,ivo://eso.org/origfile?OB_2550514_2019-12-04T07-51.fits
ADP.2022-12-14T08:59:35.618,ivo://eso.org/origfile?OB_2541136_2019-12-05T04-57.fits
ADP.2022-12-14T08:59:35.619,ivo://eso.org/origfile?OB_2514911_2019-12-06T01-10.fits
ADP.2022-12-14T08:59:35.620,ivo://eso.org/origfile?OB_2560348_2019-12-06T03-21.fits
ADP.2022-12-14T08:59:35.621,ivo://eso.org/origfile?OB_2560348_2019-12-06T03-40.fits
ADP.2022-12-14T08:59:35.622,ivo://eso.org/origfile?OB_2473005_2019-12-12T02-09.fits
ADP.2022-12-14T08:59:35.623,ivo://eso.org/origfile?OB_2472903_2019-12-13T02-38.fits
ADP.2022-12-14T08:59:35.624,ivo://eso.org/origfile?OB_2485911_2019-12-13T07-46.fits
ADP.2022-12-14T08:59:35.625,ivo://eso.org/origfile?OB_2550511_2019-12-13T05-31.fits
ADP.2022-12-14T08:59:35.626,ivo://eso.org/origfile?OB_2550511_2019-12-13T05-34.fits
ADP.2022-12-14T08:59:35.627,ivo://eso.org/origfile?OB_2550511_2019-12-13T06-26.fits
ADP.2022-12-14T08:59:35.628,ivo://eso.org/origfile?OB_2510103_2019-12-14T03-03.fits
ADP.2022-12-14T08:59:35.629,ivo://eso.org/origfile?OB_2510141_2019-12-14T04-54.fits
ADP.2022-12-14T08:59:35.630,ivo://eso.org/origfile?OB_2513806_2019-12-14T07-50.fits
ADP.2022-12-14T08:59:35.631,ivo://eso.org/origfile?OB_2533875_2019-12-14T06-20.fits
ADP.2022-12-14T08:59:35.632,ivo://eso.org/origfile?OB_2533875_2019-12-14T06-22.fits
ADP.2022-12-14T08:59:35.633,ivo://eso.org/origfile?OB_2509912_2019-12-15T04-12.fits
ADP.2022-12-14T08:59:35.634,ivo://eso.org/origfile?OB_2509984_2019-12-15T07-30.fits
ADP.2022-12-14T08:59:35.635,ivo://eso.org/origfile?OB_2509984_2019-12-15T07-40.fits
ADP.2022-12-14T08:59:35.636,ivo://eso.org/origfile?OB_2655496_2019-12-15T05-55.fits
ADP.2022-12-14T08:59:35.637,ivo://eso.org/origfile?OB_2655496_2019-12-15T06-04.fits
ADP.2022-12-14T08:59:35.638,ivo://eso.org/origfile?OB_2509968_2019-12-16T05-10.fits
ADP.2022-12-14T08:59:35.639,ivo://eso.org/origfile?OB_2533830_2019-12-16T07-18.fits
ADP.2022-12-14T08:59:35.640,ivo://eso.org/origfile?OB_2533830_2019-12-16T07-42.fits
ADP.2022-12-14T08:59:35.641,ivo://eso.org/origfile?OB_2533830_2019-12-16T07-46.fits
ADP.2022-12-14T08:59:35.642,ivo://eso.org/origfile?OB_2507855_2019-12-17T05-57.fits
ADP.2022-12-14T08:59:35.643,ivo://eso.org/origfile?OB_2507855_2019-12-17T06-11.fits
ADP.2022-12-14T08:59:35.644,ivo://eso.org/origfile?OB_2510129_2019-12-17T03-55.fits
ADP.2022-12-14T08:59:35.645,ivo://eso.org/origfile?OB_2510129_2019-12-17T04-18.fits
ADP.2022-12-14T08:59:35.646,ivo://eso.org/origfile?OB_2510129_2019-12-17T04-19.fits
ADP.2022-12-14T08:59:35.647,ivo://eso.org/origfile?OB_2510129_2019-12-17T04-36.fits
ADP.2022-12-14T08:59:35.648,ivo://eso.org/origfile?OB_2527227_2019-12-17T08-14.fits
ADP.2022-12-14T08:59:35.649,ivo://eso.org/origfile?OB_2473475_2019-12-18T03-11.fits
ADP.2022-12-14T08:59:35.650,ivo://eso.org/origfile?OB_2473475_2019-12-18T03-58.fits
ADP.2022-12-14T08:59:35.651,ivo://eso.org/origfile?OB_2508899_2019-12-18T06-22.fits
ADP.2022-12-14T08:59:35.652,ivo://eso.org/origfile?OB_2508899_2019-12-18T06-31.fits
ADP.2022-12-14T08:59:35.653,ivo://eso.org/origfile?OB_2509099_2019-12-18T05-21.fits
ADP.2022-12-14T08:59:35.654,ivo://eso.org/origfile?OB_2509116_2019-12-18T05-42.fits
ADP.2022-12-14T08:59:35.655,ivo://eso.org/origfile?OB_2509099_2019-12-18T05-09.fits
ADP.2022-12-14T08:59:35.656,ivo://eso.org/origfile?OB_2509116_2019-12-18T05-51.fits
ADP.2022-12-14T08:59:35.657,ivo://eso.org/origfile?OB_2509168_2019-12-18T06-54.fits
ADP.2022-12-14T08:59:35.658,ivo://eso.org/origfile?OB_2509168_2019-12-18T07-01.fits
ADP.2022-12-14T08:59:35.659,ivo://eso.org/origfile?OB_2513817_2019-12-18T07-45.fits
ADP.2022-12-14T08:59:35.660,ivo://eso.org/origfile?OB_2508404_2019-12-19T04-32.fits
ADP.2022-12-14T08:59:35.661,ivo://eso.org/origfile?OB_2508404_2019-12-19T04-42.fits
ADP.2022-12-14T08:59:35.662,ivo://eso.org/origfile?OB_2659600_2019-12-19T01-48.fits
ADP.2022-12-14T08:59:35.663,ivo://eso.org/origfile?OB_2507930_2019-12-20T08-08.fits
ADP.2022-12-14T08:59:35.664,ivo://eso.org/origfile?OB_2508930_2019-12-20T04-47.fits
ADP.2022-12-14T08:59:35.665,ivo://eso.org/origfile?OB_2508930_2019-12-20T04-59.fits
ADP.2022-12-14T08:59:35.666,ivo://eso.org/origfile?OB_2509155_2019-12-20T05-20.fits
ADP.2022-12-14T08:59:35.667,ivo://eso.org/origfile?OB_2509155_2019-12-20T05-31.fits
ADP.2022-12-14T08:59:35.668,ivo://eso.org/origfile?OB_2510116_2019-12-20T02-28.fits
ADP.2022-12-14T08:59:35.669,ivo://eso.org/origfile?OB_2510116_2019-12-20T02-29.fits
ADP.2022-12-14T08:59:35.670,ivo://eso.org/origfile?OB_2510126_2019-12-20T03-51.fits
ADP.2022-12-14T08:59:35.671,ivo://eso.org/origfile?OB_2510126_2019-12-20T03-52.fits
ADP.2022-12-14T08:59:35.672,ivo://eso.org/origfile?OB_2473684_2019-12-21T06-39.fits
ADP.2022-12-14T08:59:35.673,ivo://eso.org/origfile?OB_2520865_2019-12-21T04-36.fits
ADP.2022-12-14T08:59:35.674,ivo://eso.org/origfile?OB_2520865_2019-12-21T05-15.fits
ADP.2022-12-14T08:59:35.675,ivo://eso.org/origfile?OB_2473013_2019-12-22T06-49.fits
ADP.2022-12-14T08:59:35.676,ivo://eso.org/origfile?OB_2473013_2019-12-22T07-00.fits
ADP.2022-12-14T08:59:35.677,ivo://eso.org/origfile?OB_2508420_2019-12-22T05-49.fits
ADP.2022-12-14T08:59:35.678,ivo://eso.org/origfile?OB_2508420_2019-12-22T06-00.fits
ADP.2022-12-14T08:59:35.679,ivo://eso.org/origfile?OB_2642708_2019-12-22T00-51.fits
ADP.2022-12-14T08:59:35.680,ivo://eso.org/origfile?OB_2642708_2019-12-22T01-10.fits
ADP.2022-12-14T08:59:35.681,ivo://eso.org/origfile?OB_2662039_2019-12-22T04-37.fits
ADP.2022-12-14T08:59:35.682,ivo://eso.org/origfile?OB_2662039_2019-12-22T05-19.fits
ADP.2022-12-14T08:59:35.683,ivo://eso.org/origfile?OB_2507371_2019-12-23T05-16.fits
ADP.2022-12-14T08:59:35.684,ivo://eso.org/origfile?OB_2507371_2019-12-23T05-27.fits
ADP.2022-12-14T08:59:35.685,ivo://eso.org/origfile?OB_2507927_2019-12-23T05-47.fits
ADP.2022-12-14T08:59:35.686,ivo://eso.org/origfile?OB_2507927_2019-12-23T05-57.fits
ADP.2022-12-14T08:59:35.687,ivo://eso.org/origfile?OB_2510135_2019-12-23T06-42.fits
ADP.2022-12-14T08:59:35.688,ivo://eso.org/origfile?OB_2507428_2019-12-24T03-57.fits
ADP.2022-12-14T08:59:35.689,ivo://eso.org/origfile?OB_2507428_2019-12-24T04-07.fits
ADP.2022-12-14T08:59:35.690,ivo://eso.org/origfile?OB_2507672_2019-12-24T04-56.fits
ADP.2022-12-14T08:59:35.691,ivo://eso.org/origfile?OB_2507672_2019-12-24T05-14.fits
ADP.2022-12-14T08:59:35.692,ivo://eso.org/origfile?OB_2508442_2019-12-24T06-12.fits
ADP.2022-12-14T08:59:35.693,ivo://eso.org/origfile?OB_2508442_2019-12-24T06-24.fits
ADP.2022-12-14T08:59:35.694,ivo://eso.org/origfile?OB_2642708_2019-12-24T03-01.fits
ADP.2022-12-14T08:59:35.695,ivo://eso.org/origfile?OB_2642708_2019-12-24T03-20.fits
ADP.2022-12-14T08:59:35.696,ivo://eso.org/origfile?OB_2473086_2019-12-25T01-05.fits
ADP.2022-12-14T08:59:35.697,ivo://eso.org/origfile?OB_2546022_2019-12-25T03-34.fits
ADP.2022-12-14T08:59:35.698,ivo://eso.org/origfile?OB_2546022_2019-12-25T03-56.fits
ADP.2022-12-14T08:59:35.699,ivo://eso.org/origfile?OB_2473659_2019-12-26T04-02.fits
ADP.2022-12-14T08:59:35.700,ivo://eso.org/origfile?OB_2508705_2019-12-26T04-51.fits
ADP.2022-12-14T08:59:35.701,ivo://eso.org/origfile?OB_2527241_2019-12-26T08-11.fits
ADP.2022-12-14T08:59:35.702,ivo://eso.org/origfile?OB_2527244_2019-12-26T08-31.fits
ADP.2022-12-14T08:59:35.703,ivo://eso.org/origfile?OB_2545405_2019-12-26T02-56.fits
ADP.2022-12-14T08:59:35.704,ivo://eso.org/origfile?OB_2546835_2019-12-26T01-25.fits
ADP.2022-12-14T08:59:35.705,ivo://eso.org/origfile?OB_2527230_2019-12-27T08-15.fits
ADP.2022-12-14T08:59:35.706,ivo://eso.org/origfile?OB_2508453_2019-12-30T04-58.fits
ADP.2022-12-14T08:59:35.707,ivo://eso.org/origfile?OB_2508453_2019-12-30T05-02.fits
ADP.2022-12-14T08:59:35.708,ivo://eso.org/origfile?OB_2508453_2019-12-30T05-13.fits
ADP.2022-12-14T08:59:35.709,ivo://eso.org/origfile?OB_2508886_2019-12-30T06-11.fits
ADP.2022-12-14T08:59:35.710,ivo://eso.org/origfile?OB_2508886_2019-12-30T06-18.fits
ADP.2022-12-14T08:59:35.711,ivo://eso.org/origfile?OB_2508886_2019-12-30T06-42.fits
ADP.2022-12-14T08:59:35.712,ivo://eso.org/origfile?OB_2508886_2019-12-30T06-46.fits
ADP.2022-12-14T08:59:35.713,ivo://eso.org/origfile?OB_2508978_2019-12-30T05-36.fits
ADP.2022-12-14T08:59:35.714,ivo://eso.org/origfile?OB_2508978_2019-12-30T05-47.fits
ADP.2022-12-14T08:59:35.715,ivo://eso.org/origfile?OB_2546061_2019-12-30T03-24.fits
ADP.2022-12-14T08:59:35.716,ivo://eso.org/origfile?OB_2546061_2019-12-30T04-01.fits
ADP.2022-12-14T08:59:35.717,ivo://eso.org/origfile?OB_2507957_2019-12-31T04-32.fits
ADP.2022-12-14T08:59:35.718,ivo://eso.org/origfile?OB_2507957_2019-12-31T04-42.fits
ADP.2022-12-14T08:59:35.719,ivo://eso.org/origfile?OB_2510103_2019-12-31T03-31.fits
ADP.2022-12-14T08:59:35.720,ivo://eso.org/origfile?OB_2473472_2020-01-01T02-51.fits
ADP.2022-12-14T08:59:35.721,ivo://eso.org/origfile?OB_2473670_2020-01-01T03-59.fits
ADP.2022-12-14T08:59:35.722,ivo://eso.org/origfile?OB_2485369_2020-01-01T05-54.fits
ADP.2022-12-14T08:59:35.723,ivo://eso.org/origfile?OB_2485372_2020-01-01T06-07.fits
ADP.2022-12-14T08:59:35.724,ivo://eso.org/origfile?OB_2485372_2020-01-01T06-15.fits
ADP.2022-12-14T08:59:35.725,ivo://eso.org/origfile?OB_2507707_2020-01-01T04-49.fits
ADP.2022-12-14T08:59:35.726,ivo://eso.org/origfile?OB_2507707_2020-01-01T04-57.fits
ADP.2022-12-14T08:59:35.727,ivo://eso.org/origfile?OB_2507973_2020-01-01T05-19.fits
ADP.2022-12-14T08:59:35.728,ivo://eso.org/origfile?OB_2507973_2020-01-01T05-29.fits
ADP.2022-12-14T08:59:35.729,ivo://eso.org/origfile?OB_2527238_2020-01-01T08-21.fits
ADP.2022-12-14T08:59:35.730,ivo://eso.org/origfile?OB_2550577_2020-01-01T07-16.fits
ADP.2022-12-14T08:59:35.731,ivo://eso.org/origfile?OB_2550577_2020-01-01T07-18.fits
ADP.2022-12-14T08:59:35.732,ivo://eso.org/origfile?OB_2507966_2020-01-02T04-16.fits
ADP.2022-12-14T08:59:35.733,ivo://eso.org/origfile?OB_2507966_2020-01-02T04-28.fits
ADP.2022-12-14T08:59:35.734,ivo://eso.org/origfile?OB_2473572_2020-01-03T03-05.fits
ADP.2022-12-14T08:59:35.735,ivo://eso.org/origfile?OB_2507468_2020-01-03T04-06.fits
ADP.2022-12-14T08:59:35.736,ivo://eso.org/origfile?OB_2507468_2020-01-03T04-17.fits
ADP.2022-12-14T08:59:35.737,ivo://eso.org/origfile?OB_2507966_2020-01-03T04-40.fits
ADP.2022-12-14T08:59:35.738,ivo://eso.org/origfile?OB_2507966_2020-01-03T04-51.fits
ADP.2022-12-14T08:59:35.739,ivo://eso.org/origfile?OB_2545409_2020-01-03T07-21.fits
ADP.2022-12-14T08:59:35.740,ivo://eso.org/origfile?OB_2260269_2020-01-04T06-35.fits
ADP.2022-12-14T08:59:35.741,ivo://eso.org/origfile?OB_2260269_2020-01-04T06-38.fits
ADP.2022-12-14T08:59:35.742,ivo://eso.org/origfile?OB_2496654_2020-01-04T03-41.fits
ADP.2022-12-14T08:59:35.743,ivo://eso.org/origfile?OB_2496657_2020-01-04T02-57.fits
ADP.2022-12-14T08:59:35.744,ivo://eso.org/origfile?OB_2527235_2020-01-04T08-09.fits
ADP.2022-12-14T08:59:35.745,ivo://eso.org/origfile?OB_2527235_2020-01-04T08-12.fits
ADP.2022-12-14T08:59:35.746,ivo://eso.org/origfile?OB_2529424_2020-01-04T01-05.fits
ADP.2022-12-14T08:59:35.747,ivo://eso.org/origfile?OB_2533855_2020-01-04T05-59.fits
ADP.2022-12-14T08:59:35.748,ivo://eso.org/origfile?OB_2533855_2020-01-04T06-01.fits
ADP.2022-12-14T08:59:35.749,ivo://eso.org/origfile?OB_2458911_2020-01-05T03-07.fits
ADP.2022-12-14T08:59:35.750,ivo://eso.org/origfile?OB_2533895_2020-01-08T06-25.fits
ADP.2022-12-14T08:59:35.751,ivo://eso.org/origfile?OB_2533895_2020-01-08T06-35.fits
ADP.2022-12-14T08:59:35.752,ivo://eso.org/origfile?OB_2510008_2020-01-09T08-06.fits
ADP.2022-12-14T08:59:35.753,ivo://eso.org/origfile?OB_2510008_2020-01-09T08-19.fits
ADP.2022-12-14T08:59:35.754,ivo://eso.org/origfile?OB_2686727_2020-01-12T04-54.fits
ADP.2022-12-14T08:59:35.755,ivo://eso.org/origfile?OB_2686727_2020-01-12T05-00.fits
ADP.2022-12-14T08:59:35.756,ivo://eso.org/origfile?OB_2510027_2020-01-13T07-34.fits
ADP.2022-12-14T08:59:35.757,ivo://eso.org/origfile?OB_2510027_2020-01-13T07-46.fits
ADP.2022-12-14T08:59:35.758,ivo://eso.org/origfile?OB_2687460_2020-01-14T05-39.fits
ADP.2022-12-14T08:59:35.759,ivo://eso.org/origfile?OB_2687463_2020-01-14T06-55.fits
ADP.2022-12-14T08:59:35.760,ivo://eso.org/origfile?OB_2508051_2020-01-16T07-08.fits
ADP.2022-12-14T08:59:35.761,ivo://eso.org/origfile?OB_2508107_2020-01-16T07-51.fits
ADP.2022-12-14T08:59:35.762,ivo://eso.org/origfile?OB_2508110_2020-01-16T08-17.fits
ADP.2022-12-14T08:59:35.763,ivo://eso.org/origfile?OB_2508110_2020-01-16T08-33.fits
ADP.2022-12-14T08:59:35.764,ivo://eso.org/origfile?OB_2544722_2020-01-16T06-35.fits
ADP.2022-12-14T08:59:35.765,ivo://eso.org/origfile?OB_2544722_2020-01-16T06-44.fits
ADP.2022-12-14T08:59:35.766,ivo://eso.org/origfile?OB_2687469_2020-01-16T05-16.fits
ADP.2022-12-14T08:59:35.767,ivo://eso.org/origfile?OB_2687472_2020-01-16T06-16.fits
ADP.2022-12-14T08:59:35.768,ivo://eso.org/origfile?OB_2687475_2020-01-17T04-28.fits
ADP.2022-12-14T08:59:35.769,ivo://eso.org/origfile?OB_2709206_2020-01-18T00-31.fits
ADP.2022-12-14T08:59:35.770,ivo://eso.org/origfile?OB_2709206_2020-01-18T01-48.fits
ADP.2022-12-14T08:59:35.771,ivo://eso.org/origfile?OB_2260284_2020-01-19T07-42.fits
ADP.2022-12-14T08:59:35.772,ivo://eso.org/origfile?OB_2508610_2020-01-19T08-27.fits
ADP.2022-12-14T08:59:35.773,ivo://eso.org/origfile?OB_2533895_2020-01-19T06-16.fits
ADP.2022-12-14T08:59:35.774,ivo://eso.org/origfile?OB_2687478_2020-01-19T05-19.fits
ADP.2022-12-14T08:59:35.775,ivo://eso.org/origfile?OB_2699620_2020-01-19T02-09.fits
ADP.2022-12-14T08:59:35.776,ivo://eso.org/origfile?OB_2699620_2020-01-19T02-10.fits
ADP.2022-12-14T08:59:35.777,ivo://eso.org/origfile?OB_2703936_2020-01-20T03-00.fits
ADP.2022-12-14T08:59:35.778,ivo://eso.org/origfile?OB_2687481_2020-01-21T05-25.fits
ADP.2022-12-14T08:59:35.779,ivo://eso.org/origfile?OB_2260287_2020-01-21T08-03.fits
ADP.2022-12-14T08:59:35.780,ivo://eso.org/origfile?OB_2510138_2020-01-21T02-55.fits
ADP.2022-12-14T08:59:35.781,ivo://eso.org/origfile?OB_2510144_2020-01-21T06-54.fits
ADP.2022-12-14T08:59:35.782,ivo://eso.org/origfile?OB_2699817_2020-01-22T01-07.fits
ADP.2022-12-14T08:59:35.783,ivo://eso.org/origfile?OB_2527247_2020-01-28T08-15.fits
ADP.2022-12-14T08:59:35.784,ivo://eso.org/origfile?OB_2687484_2020-01-28T04-30.fits
ADP.2022-12-14T08:59:35.785,ivo://eso.org/origfile?OB_2687484_2020-01-28T05-14.fits
ADP.2022-12-14T08:59:35.786,ivo://eso.org/origfile?OB_2139467_2020-01-30T08-38.fits
ADP.2022-12-14T08:59:35.787,ivo://eso.org/origfile?OB_2139467_2020-01-30T08-39.fits
ADP.2022-12-14T08:59:35.788,ivo://eso.org/origfile?OB_2510068_2020-01-30T06-55.fits
ADP.2022-12-14T08:59:35.789,ivo://eso.org/origfile?OB_2510068_2020-01-30T07-09.fits
ADP.2022-12-14T08:59:35.790,ivo://eso.org/origfile?OB_2527235_2020-02-02T08-20.fits
ADP.2022-12-14T08:59:35.791,ivo://eso.org/origfile?OB_2527252_2020-02-02T08-36.fits
ADP.2022-12-14T08:59:35.792,ivo://eso.org/origfile?OB_2513715_2020-02-06T08-08.fits
ADP.2022-12-14T08:59:35.793,ivo://eso.org/origfile?OB_2513715_2020-02-06T08-29.fits
ADP.2022-12-14T08:59:35.794,ivo://eso.org/origfile?OB_2513715_2020-02-06T08-41.fits
ADP.2022-12-14T08:59:35.795,ivo://eso.org/origfile?OB_2533898_2020-02-07T06-11.fits
ADP.2022-12-14T08:59:35.796,ivo://eso.org/origfile?OB_2533898_2020-02-07T06-17.fits
ADP.2022-12-14T08:59:35.797,ivo://eso.org/origfile?OB_2533898_2020-02-07T06-42.fits
ADP.2022-12-14T08:59:35.798,ivo://eso.org/origfile?OB_2533898_2020-02-07T06-52.fits
ADP.2022-12-14T08:59:35.799,ivo://eso.org/origfile?OB_2686727_2020-02-07T03-43.fits
ADP.2022-12-14T08:59:35.800,ivo://eso.org/origfile?OB_2686727_2020-02-07T03-54.fits
ADP.2022-12-14T08:59:35.801,ivo://eso.org/origfile?OB_2686825_2020-02-07T02-27.fits
ADP.2022-12-14T08:59:35.802,ivo://eso.org/origfile?OB_2687487_2020-02-07T02-56.fits
ADP.2022-12-14T08:59:35.803,ivo://eso.org/origfile?OB_2703903_2020-02-07T05-03.fits
ADP.2022-12-14T08:59:35.804,ivo://eso.org/origfile?OB_2507315_2020-02-08T08-51.fits
ADP.2022-12-14T08:59:35.805,ivo://eso.org/origfile?OB_2580299_2020-02-08T01-15.fits
ADP.2022-12-14T08:59:35.806,ivo://eso.org/origfile?OB_2686332_2020-02-08T06-14.fits
ADP.2022-12-14T08:59:35.807,ivo://eso.org/origfile?OB_2686719_2020-02-08T02-41.fits
ADP.2022-12-14T08:59:35.808,ivo://eso.org/origfile?OB_2703917_2020-02-08T04-17.fits
ADP.2022-12-14T08:59:35.809,ivo://eso.org/origfile?OB_2687463_2020-02-15T02-44.fits
ADP.2022-12-14T08:59:35.810,ivo://eso.org/origfile?OB_2699795_2020-02-15T00-54.fits
ADP.2022-12-14T08:59:35.811,ivo://eso.org/origfile?OB_2508983_2020-02-16T08-45.fits
ADP.2022-12-14T08:59:35.812,ivo://eso.org/origfile?OB_2508983_2020-02-16T08-52.fits
ADP.2022-12-14T08:59:35.813,ivo://eso.org/origfile?OB_2513814_2020-02-16T07-54.fits
ADP.2022-12-14T08:59:35.814,ivo://eso.org/origfile?OB_2686779_2020-02-16T03-50.fits
ADP.2022-12-14T08:59:35.815,ivo://eso.org/origfile?OB_2686731_2020-02-17T03-13.fits
ADP.2022-12-14T08:59:35.816,ivo://eso.org/origfile?OB_2686731_2020-02-17T03-21.fits
ADP.2022-12-14T08:59:35.817,ivo://eso.org/origfile?OB_1928097_2020-02-18T07-07.fits
ADP.2022-12-14T08:59:35.818,ivo://eso.org/origfile?OB_2507655_2020-02-18T09-01.fits
ADP.2022-12-14T08:59:35.819,ivo://eso.org/origfile?OB_2508627_2020-02-18T08-31.fits
ADP.2022-12-14T08:59:35.820,ivo://eso.org/origfile?OB_2508627_2020-02-18T08-32.fits
ADP.2022-12-14T08:59:35.821,ivo://eso.org/origfile?OB_2510071_2020-02-18T05-17.fits
ADP.2022-12-14T08:59:35.822,ivo://eso.org/origfile?OB_2510071_2020-02-18T05-29.fits
ADP.2022-12-14T08:59:35.823,ivo://eso.org/origfile?OB_1928097_2020-02-19T07-11.fits
ADP.2022-12-14T08:59:35.824,ivo://eso.org/origfile?OB_2510076_2020-02-19T04-53.fits
ADP.2022-12-14T08:59:35.825,ivo://eso.org/origfile?OB_2510076_2020-02-19T05-13.fits
ADP.2022-12-14T08:59:35.826,ivo://eso.org/origfile?OB_2513715_2020-02-19T08-34.fits
ADP.2022-12-14T08:59:35.827,ivo://eso.org/origfile?OB_2513715_2020-02-19T08-43.fits
ADP.2022-12-14T08:59:35.828,ivo://eso.org/origfile?OB_2513715_2020-02-19T08-54.fits
ADP.2022-12-14T08:59:35.829,ivo://eso.org/origfile?OB_2513715_2020-02-19T09-06.fits
ADP.2022-12-14T08:59:35.830,ivo://eso.org/origfile?OB_2686750_2020-02-19T03-57.fits
ADP.2022-12-14T08:59:35.831,ivo://eso.org/origfile?OB_2687472_2020-02-21T04-23.fits
ADP.2022-12-14T08:59:35.832,ivo://eso.org/origfile?OB_2485379_2020-02-22T03-39.fits
ADP.2022-12-14T08:59:35.833,ivo://eso.org/origfile?OB_2485379_2020-02-22T03-53.fits
ADP.2022-12-14T08:59:35.834,ivo://eso.org/origfile?OB_2513715_2020-02-22T08-05.fits
ADP.2022-12-14T08:59:35.835,ivo://eso.org/origfile?OB_2513715_2020-02-22T08-19.fits
ADP.2022-12-14T08:59:35.836,ivo://eso.org/origfile?OB_2513715_2020-02-22T08-38.fits
ADP.2022-12-14T08:59:35.837,ivo://eso.org/origfile?OB_2513715_2020-02-22T08-52.fits
ADP.2022-12-14T08:59:35.838,ivo://eso.org/origfile?OB_2538688_2020-02-22T06-43.fits
ADP.2022-12-14T08:59:35.839,ivo://eso.org/origfile?OB_2538688_2020-02-22T07-07.fits
ADP.2022-12-14T08:59:35.840,ivo://eso.org/origfile?OB_2538688_2020-02-22T07-08.fits
ADP.2022-12-14T08:59:35.841,ivo://eso.org/origfile?OB_2686734_2020-02-22T02-44.fits
ADP.2022-12-14T08:59:35.842,ivo://eso.org/origfile?OB_2686734_2020-02-22T02-53.fits
ADP.2022-12-14T08:59:35.843,ivo://eso.org/origfile?OB_2703931_2020-02-22T04-23.fits
ADP.2022-12-14T08:59:35.844,ivo://eso.org/origfile?OB_2703931_2020-02-22T04-55.fits
ADP.2022-12-14T08:59:35.845,ivo://eso.org/origfile?OB_2510076_2020-02-23T04-04.fits
ADP.2022-12-14T08:59:35.846,ivo://eso.org/origfile?OB_2550675_2020-02-23T05-34.fits
ADP.2022-12-14T08:59:35.847,ivo://eso.org/origfile?OB_2550675_2020-02-23T06-18.fits
ADP.2022-12-14T08:59:35.848,ivo://eso.org/origfile?OB_2550675_2020-02-23T06-20.fits
ADP.2022-12-14T08:59:35.849,ivo://eso.org/origfile?OB_2686768_2020-02-24T01-43.fits
ADP.2022-12-14T08:59:35.850,ivo://eso.org/origfile?OB_2510076_2020-02-29T04-01.fits
ADP.2022-12-14T08:59:35.851,ivo://eso.org/origfile?OB_2686771_2020-03-04T03-16.fits
ADP.2022-12-14T08:59:35.852,ivo://eso.org/origfile?OB_2703931_2020-03-04T04-14.fits
ADP.2022-12-14T08:59:35.853,ivo://eso.org/origfile?OB_2485392_2020-03-08T07-09.fits
ADP.2022-12-14T08:59:35.854,ivo://eso.org/origfile?OB_2485392_2020-03-08T07-30.fits
ADP.2022-12-14T08:59:35.855,ivo://eso.org/origfile?OB_2260254_2020-03-17T08-38.fits
ADP.2022-12-14T08:59:35.856,ivo://eso.org/origfile?OB_2260290_2020-03-17T04-52.fits
ADP.2022-12-14T08:59:35.857,ivo://eso.org/origfile?OB_2454390_2020-03-17T07-31.fits
ADP.2022-12-14T08:59:35.858,ivo://eso.org/origfile?OB_2686747_2020-03-19T01-07.fits
ADP.2022-12-14T08:59:35.859,ivo://eso.org/origfile?OB_2686747_2020-03-19T01-15.fits
ADP.2022-12-14T08:59:35.860,ivo://eso.org/origfile?OB_2510082_2020-03-21T03-50.fits
ADP.2022-12-14T08:59:35.861,ivo://eso.org/origfile?OB_2282148_2020-03-22T07-42.fits
ADP.2022-12-14T08:59:35.862,ivo://eso.org/origfile?OB_2470153_2020-03-23T03-14.fits
ADP.2022-12-14T08:59:35.863,ivo://eso.org/origfile?OB_2538673_2020-03-24T07-11.fits
ADP.2022-12-14T08:59:35.864,ivo://eso.org/origfile?OB_2538673_2020-03-24T07-27.fits
ADP.2022-12-14T08:59:35.865,ivo://eso.org/origfile?OB_2538673_2020-03-24T07-42.fits
